<?xml version="1.0" encoding="UTF-8"?>
    <addon id="Flopes Repo" name="flopes repository" version="0.1.0" provider-name="Rodrigo Lopes">
        <requires>
            <import addon="xbmc.addon" version="12.0.0"/>
        </requires>
        <extension point="xbmc.addon.repository" name="flopes repository">
            <info compressed="false">https://raw.githubusercontent.com/xventil/flopes/master/_repo/addons.xml</info>
            <checksum>https://raw.githubusercontent.com/xventil/flopes/master/_repo/addons.xml.md5</checksum>
            <datadir zip="true">https://raw.githubusercontent.com/xventil/flopes/master/_repo/</datadir>
            <hashes>false</hashes>
        </extension>
        <extension point="xbmc.addon.metadata">
            <summary>Flopes Addons</summary>
            <description>+18 ONLY[CR]flopes adoult repository</description>
            <platform>all</platform>
    </extension>
</addon>